# title	as...as comparisons · 易错辨析(第4轮)
# summary	as...as expresses 'as...as'; the negative not as...as means 'not as...as'.本课为易错辨析练习,核心:as + adjective/adorb base form + as; the negative is not as/so...as。
# level	B1
# points	as + adjective base form + as|the negative is not as/so + adjective + as|the same...as = the same as|as...as possible = as...as possible|in the negative, the latter part means a downward comparison
# example	Tom is as tall as his brother.	汤姆和他哥哥一样高。
Tom is _____ his brother.	so tall as|tall as|as tall as|as taller as	3	考查as + adjective/adorb base form + as; the negative is not as/so...as。此处应为 as tall as。句意:汤姆和他哥哥一样高。
# example	This bag is not as expensive as that one.	这个包不如那个贵。
下面哪一句是正确的?	This bag is not as expensive as that one.|This bag is not as expensiver as that one.|This bag is not expensive as that one.|This bag is not so expensive than that one.	1	as + adjective/adorb base form + as; the negative is not as/so...as。正确句:This bag is not as expensive as that one.
# example	Please come back as soon as possible.	请尽快回来。
「请尽快回来。」的正确英文是?	Please come back as soon as can.|Please come back as soon as possible.|Please come back as sooner as possible.|Please come back so soon as possible.	2	考查as + adjective/adorb base form + as; the negative is not as/so...as。正确句:Please come back as soon as possible.
# example	She runs as fast as her sister.	她跑得和她姐姐一样快。
She runs _____ her sister.	fast as|so fast as|as faster as|as fast as	4	考查as + adjective/adorb base form + as; the negative is not as/so...as。此处应为 as fast as。句意:她跑得和她姐姐一样快。
# example	My phone is the same color as yours.	我的手机和你的颜色一样。
下面哪一句是正确的?	My phone is same like color as yours.|My phone is as same color as yours.|My phone is the same color as yours.|My phone is such same color as yours.	3	as + adjective/adorb base form + as; the negative is not as/so...as。正确句:My phone is the same color as yours.
# example	Today isn't as cold as yesterday.	今天不如昨天冷。
「今天不如昨天冷。」的正确英文是?	Today isn't as cold as yesterday.|Today isn't so cold than yesterday.|Today isn't cold as yesterday.|Today isn't as colder as yesterday.	1	考查as + adjective/adorb base form + as; the negative is not as/so...as。正确句:Today isn't as cold as yesterday.
