# title	培训中心的一天(A Day at the training center)
# topic	职场工作
# summary	围绕职场工作的A1短文:介绍马克斯的日常、喜好与培训中心。
# level	A1
# para	The coffee corner is big and clean. I like my life very much. Max wants to visit London. Also, the shop knows every customer by name.
# para	I am happy every day. Nina likes rice too. Max drinks water every morning. Best of all, he started a small company last year.
# para	Max and Nina are in the same class. After school, we play together. The training center is my favorite place.
# glossary	customer	n. 顾客
# glossary	company	n. 公司
这篇材料主要讲了什么?	一次出行的经历与见闻|工作中的日常与职业成长|网络与数字生活的利与弊|一次购物经历与消费选择	2	全文围绕“职场工作”展开。
马克斯想去哪个城市旅行?	巴黎|西安|罗马|伦敦	4	原文:“Max wants to visit London.”。
马克斯每天早上喝什么?	茶|水|牛奶|咖啡	2	原文:“Max drinks water every morning.”。
文中“customer”的意思最接近?	n. 会议|n. 身体扫描(冥想)|n. 战利品|n. 顾客	4	“customer”(A1)意为:n. 顾客。
