government	/ˈɡʌvənmənt/	n. 政府	A1	The government built new schools.	政府修建了新学校。	society
politics	/ˈpɒlətɪks/	n. 政治	B1	They discussed politics over dinner.	他们晚饭时讨论了政治。	society
politician	/ˌpɒləˈtɪʃn/	n. 政治家	B2	The politician visited the flooded town.	这位政治家探访了被淹的城镇。	society
election	/ɪˈlekʃn/	n. 选举	B1	The village held its yearly election.	村子举行了年度选举。	society
vote	/vəʊt/	v./n. 投票	B1	Citizens vote for their leaders.	公民投票选举领导人。	society
power	/ˈpaʊə(r)/	n. 力量;权力	A2	Knowledge gives you power.	知识赋予你力量。	society
president	/ˈprezɪdənt/	n. 总统	A1	The president spoke on the radio.	总统发表了广播讲话。	society
minister	/ˈmɪnɪstə(r)/	n. 部长;牧师	B1	The education minister visited our school.	教育部长参观了我们的学校。	society
king	/kɪŋ/	n. 国王	A1	The old king was loved by everyone.	老国王深受大家爱戴。	society
queen	/kwiːn/	n. 女王	A1	The queen lived in this palace.	女王曾住在这座宫殿里。	society
prince	/prɪns/	n. 王子	A1	The prince learned to cook at school.	王子在学校学会了做饭。	society
princess	/ˌprɪnˈses/	n. 公主	A1	The story is about a brave princess.	这个故事讲一位勇敢的公主。	society
nation	/ˈneɪʃn/	n. 国家;民族	A2	The whole nation celebrated the win.	全国庆祝这场胜利。	society
national	/ˈnæʃnəl/	adj. 国家的	A2	Tomorrow is a national holiday.	明天是全国性节日。	society
citizen	/ˈsɪtɪzn/	n. 公民	B1	Good citizens follow the rules.	好公民遵守规则。	society
society	/səˈsaɪəti/	n. 社会	A2	Technology changes society quickly.	科技迅速改变社会。	society
social	/ˈsəʊʃl/	adj. 社交的;社会的	A2	She has a busy social life.	她的社交生活很丰富。	society
community	/kəˈmjuːnəti/	n. 社区	A2	The community centre offers free classes.	社区中心提供免费课程。	society
public	/ˈpʌblɪk/	adj. 公共的	A2	The library is open to the public.	图书馆向公众开放。	society
private	/ˈpraɪvət/	adj. 私人的	A2	This is private land, please don't enter.	这是私人土地,请勿进入。	society
freedom	/ˈfriːdəm/	n. 自由	A2	Birds enjoy the freedom of the sky.	鸟儿享受天空的自由。	society
protest	/ˈprəʊtest/	n./v. 抗议	B2	Students held a quiet protest.	学生们进行了和平抗议。	society
campaign	/kæmˈpeɪn/	n. 运动(活动)	B2	The city started a recycling campaign.	城市发起了回收利用活动。	society
policy	/ˈpɒləsi/	n. 政策	B2	The new policy helps small shops.	新政策帮助小店。	society
authority	/ɔːˈθɒrəti/	n. 权威;当局	B2	The local authority cleans the beaches.	当地机构负责清洁海滩。	society
leader	/ˈliːdə(r)/	n. 领导者	A1	Our team leader is very patient.	我们队长非常有耐心。	society
member	/ˈmembə(r)/	n. 成员	A1	Every member of the club voted.	俱乐部每个成员都投了票。	society
group	/ɡruːp/	n. 组;群	A1	A group of tourists entered the museum.	一群游客走进了博物馆。	society
organisation	/ˌɔːɡənaɪˈzeɪʃn/	n. 组织	B1	An organisation planted trees along the river.	一个组织沿河种了树。	society
union	/ˈjuːniən/	n. 联盟;工会	B1	The trade union protects workers.	工会保护工人。	society
female	/ˈfiːmeɪl/	adj./n. 女性(的)	A2	The female bird sits on the eggs.	雌鸟负责孵蛋。	society
male	/meɪl/	adj./n. 男性(的)	A2	The male peacock has bright feathers.	雄孔雀羽毛鲜艳。	society
gender	/ˈdʒendə(r)/	n. 性别	B1	The form asks for name, age and gender.	表格要求填写姓名、年龄和性别。	society
majority	/məˈdʒɒrəti/	n. 大多数	B1	The majority of students walk to school.	大多数学生步行上学。	society
minority	/maɪˈnɒrəti/	n. 少数	B1	Only a minority drive to work.	只有少数人开车上班。	society
parliament	/ˈpɑːləmənt/	n. 议会	B2	Parliament passed the new law.	议会通过了新法律。	society
democracy	/dɪˈmɒkrəsi/	n. 民主	B2	In a democracy, everyone can vote.	在民主制度下人人都能投票。	society
emperor	/ˈempərə(r)/	n. 皇帝	B1	The emperor built this wall long ago.	很久以前皇帝修建了这堵墙。	society
kingdom	/ˈkɪŋdəm/	n. 王国	B2	The ancient kingdom traded with the sea.	这个古老王国曾经海外贸易发达。	society
empire	/ˈempaɪə(r)/	n. 帝国	B2	The empire lasted three hundred years.	这个帝国延续了三百年。	society
flag	/flæɡ/	n. 旗	A1	The red flag flies above the school.	红旗在学校上空飘扬。	society
