# title	志愿者小队附近的周末计划(Weekend Plans near the volunteer team)
# topic	社交生活
# summary	两人聊起周末安排与各自的计划,交换了想法。
# level	A2
# type	dialogue
# s	Hello Mia, do you have a minute?	你好米娅,你有时间吗?
# s	What is your favorite way to relax?	你最喜欢的放松方式是什么?
# s	I am going to visit London in January.	我一月要去看伦敦。
# s	I drink milk after running.	我跑步后喝牛奶。
# s	I did not know that. Thanks for telling me.	我原来不知道,谢谢你告诉我。
# s	The children played hide-and-seek in the garden.	孩子们在花园里玩捉迷藏。
# s	Best of all, I am fed up with the noise.	这噪音我受够了。
# s	Anyway, I have to go now. See you!	总之我现在得走了,再见!
这段材料主要讲了什么?	朋友交往与社交活动|校园里的学习与课外活动|培养兴趣爱好的经历|一次购物经历与消费选择	1	全文围绕“社交生活”展开。
说话者一月要去哪座城市?	多伦多|伦敦|罗马|悉尼	2	原文:“I am going to visit London in January.”。
说话者跑步后喝什么?	果汁|牛奶|咖啡|水	2	原文:“I drink milk after running.”。
听力材料中“hide-and-seek”的意思最接近?	phr. 最后工资(结算)|n. 传记片|n. 过度包装|n. 捉迷藏	4	“hide-and-seek”(A2)意为:n. 捉迷藏。
